allBurn,allMint,allowanceTotal,balanceOf,owner,spentTotal,totalFreeze,totalUnfreeze,,,
allBurn,allMint,allowanceTotal,owner,spentTotal,totalBurn,totalFreeze,totalIn,totalMint,totalOut,totalUnfreeze
allBurn,allMint,allowance,owner,totalBurn,totalFreeze,totalIn,totalMint,totalOut,totalUnfreeze,
allBurn,allMint,allowance,balanceOf,owner,totalFreeze,totalUnfreeze,,,,
allBurn,allMint,allowance,freezeOf,owner,totalBurn,totalIn,totalMint,totalOut,,
allowanceTotal,owner,spentTotal,totalBurn,totalFreeze,totalIn,totalMint,totalOut,totalSupply,totalUnfreeze,
allBurn,allMint,allowanceTotal,freezeOf,owner,spentTotal,totalBurn,totalIn,totalMint,totalOut,
allowanceTotal,balanceOf,freezeOf,owner,spentTotal,totalSupply,,,,,
allowance,freezeOf,owner,totalBurn,totalIn,totalMint,totalOut,totalSupply,,,
allowance,balanceOf,owner,totalFreeze,totalSupply,totalUnfreeze,,,,,
allowance,owner,totalBurn,totalFreeze,totalIn,totalMint,totalOut,totalSupply,totalUnfreeze,,
allBurn,allMint,allowance,balanceOf,freezeOf,owner,,,,,
allowanceTotal,freezeOf,owner,spentTotal,totalBurn,totalIn,totalMint,totalOut,totalSupply,,
allowanceTotal,balanceOf,owner,spentTotal,totalFreeze,totalSupply,totalUnfreeze,,,,
allBurn,allMint,allowanceTotal,balanceOf,freezeOf,owner,spentTotal,,,,
allowance,balanceOf,freezeOf,owner,totalSupply,,,,,,
