allowanceTotal,owner,paused,pendingOwner,spentTotal,totalBurn,totalIn,totalMint,totalOut,totalSupply,
allowanceTotal,balanceOf,owner,paused,pendingOwner,spentTotal,totalSupply,,,,
allBurn,allMint,allowance,balanceOf,claimOwnership,paused,pendingOwner,,,,
allBurn,allMint,allowanceTotal,owner,paused,pendingOwner,spentTotal,totalBurn,totalIn,totalMint,totalOut
allowance,owner,paused,pendingOwner,totalBurn,totalIn,totalMint,totalOut,totalSupply,,
allBurn,allMint,allowance,claimOwnership,paused,pendingOwner,totalBurn,totalIn,totalMint,totalOut,
allBurn,allMint,allowanceTotal,balanceOf,claimOwnership,paused,pendingOwner,spentTotal,,,
allBurn,allMint,allowance,balanceOf,owner,paused,pendingOwner,,,,
allowance,balanceOf,owner,paused,pendingOwner,totalSupply,,,,,
allBurn,allMint,allowanceTotal,claimOwnership,paused,pendingOwner,spentTotal,totalBurn,totalIn,totalMint,totalOut
allowanceTotal,balanceOf,claimOwnership,paused,pendingOwner,spentTotal,totalSupply,,,,
allowance,claimOwnership,paused,pendingOwner,totalBurn,totalIn,totalMint,totalOut,totalSupply,,
allBurn,allMint,allowance,owner,paused,pendingOwner,totalBurn,totalIn,totalMint,totalOut,
allBurn,allMint,allowanceTotal,balanceOf,owner,paused,pendingOwner,spentTotal,,,
allowanceTotal,claimOwnership,paused,pendingOwner,spentTotal,totalBurn,totalIn,totalMint,totalOut,totalSupply,
allowance,balanceOf,claimOwnership,paused,pendingOwner,totalSupply,,,,,
